MPAA_rating,genre,voice-actor,director,Year,revenue
522877329.2885906,113133505.39247312,105165458.50225225,115145616.99263352,2001,54656124.0
139540245.09535453,113133505.39247312,105165458.50225225,115145616.99263352,1994,94226333.0
139540245.09535453,113133505.39247312,256307551.77591974,67910223.63117987,2004,67910166.0
139540245.09535453,113133505.39247312,256307551.77591974,67910223.63117987,2004,67910166.0
139540245.09535453,113133505.39247312,256307551.77591974,67910223.63117987,2004,67910166.0
139540245.09535453,113133505.39247312,256307551.77591974,67910223.63117987,2004,67910166.0
139540245.09535453,113133505.39247312,256307551.77591974,67910223.63117987,2004,67910166.0
139540245.09535453,113133505.39247312,256307551.77591974,67910223.63117987,2004,67910166.0
139540245.09535453,113133505.39247312,256307551.77591974,67910223.63117987,2004,67910166.0
139540245.09535453,113133505.39247312,256307551.77591974,67910223.63117987,2004,67910166.0
139540245.09535453,113133505.39247312,256307551.77591974,67910223.63117987,2004,67910166.0
139540245.09535453,113133505.39247312,256307551.77591974,67910223.63117987,2004,67910166.0
139540245.09535453,113133505.39247312,256307551.77591974,67910223.63117987,2004,67910166.0
139540245.09535453,113133505.39247312,256307551.77591974,67910223.63117987,2004,67910166.0
139540245.09535453,113133505.39247312,256307551.77591974,67910223.63117987,2004,67910166.0
139540245.09535453,113133505.39247312,256307551.77591974,67910223.63117987,2004,67910166.0
139540245.09535453,113133505.39247312,256307551.77591974,67910223.63117987,2004,67910166.0
139540245.09535453,113133505.39247312,256307551.77591974,67910223.63117987,2004,67910166.0
522877329.2885906,181061623.4879227,105165458.50225225,115145616.99263352,2003,9254344.0
54621782.59210526,275605875.25,105165458.50225225,115145616.99263352,1993,79618610.0
522877329.2885906,275605875.25,513542926.97261256,1235991037.4385614,2055,1236035515.0
522877329.2885906,275605875.25,651256067.6783307,1235991037.4385614,2055,1236035515.0
522877329.2885906,275605875.25,256307551.77591974,1235991037.4385614,2055,1236035515.0
522877329.2885906,275605875.25,1119249078.9969118,1235991037.4385614,2055,1236035515.0
522877329.2885906,275605875.25,256307551.77591974,1235991037.4385614,2055,1236035515.0
522877329.2885906,275605875.25,537339258.2178388,1235991037.4385614,2055,1236035515.0
522877329.2885906,275605875.25,256307551.77591974,1235991037.4385614,2055,1236035515.0
522877329.2885906,275605875.25,1119249078.9969118,1235991037.4385614,2055,1236035515.0
522877329.2885906,275605875.25,1119249078.9969118,1235991037.4385614,2055,1236035515.0
522877329.2885906,275605875.25,256307551.77591974,1235991037.4385614,2055,1236035515.0
522877329.2885906,275605875.25,256307551.77591974,1235991037.4385614,2055,1236035515.0
107816160.86486487,113133505.39247312,105165458.50225225,115145616.99263352,2001,35705805.0
107816160.86486487,113133505.39247312,105165458.50225225,115145616.99263352,1998,288691833.0
107816160.86486487,156173112.33335882,105165458.50225225,115145616.99263352,2014,268013076.0
107816160.86486487,181061623.4879227,105165458.50225225,115145616.99263352,2006,544817142.0
107816160.86486487,156173112.33335882,105165458.50225225,115145616.99263352,2004,101161045.0
107816160.86486487,275605875.25,105165458.50225225,115145616.99263352,2000,95070168.0
107816160.86486487,113133505.39247312,105165458.50225225,115145616.99263352,1997,27117599.0
139540245.09535453,156173112.33335882,105165458.50225225,115145616.99263352,1990,207231621.0
139540245.09535453,113133505.39247312,105165458.50225225,115145616.99263352,1993,116965668.0
522877329.2885906,181061623.4879227,105165458.50225225,115145616.99263352,1990,36107823.0
107816160.86486487,113133505.39247312,105165458.50225225,115145616.99263352,1992,5872667.0
522877329.2885906,181061623.4879227,105165458.50225225,247108326.69767442,1996,190988799.0
522877329.2885906,181061623.4879227,224270360.34031862,247108326.69767442,1996,190988799.0
522877329.2885906,181061623.4879227,256307551.77591974,247108326.69767442,1996,190988799.0
522877329.2885906,181061623.4879227,256307551.77591974,247108326.69767442,1996,190988799.0
522877329.2885906,181061623.4879227,105165458.50225225,247108326.69767442,1996,190988799.0
522877329.2885906,181061623.4879227,256307551.77591974,247108326.69767442,1996,190988799.0
522877329.2885906,181061623.4879227,256307551.77591974,247108326.69767442,1996,190988799.0
522877329.2885906,181061623.4879227,271437307.07537556,247108326.69767442,1996,190988799.0
522877329.2885906,181061623.4879227,256307551.77591974,247108326.69767442,1996,190988799.0
522877329.2885906,181061623.4879227,256307551.77591974,247108326.69767442,1996,190988799.0
522877329.2885906,181061623.4879227,256307551.77591974,247108326.69767442,1996,190988799.0
139540245.09535453,113133505.39247312,105165458.50225225,115145616.99263352,1990,49999822.0
107816160.86486487,156173112.33335882,105165458.50225225,115145616.99263352,2015,180202163.0
139540245.09535453,113133505.39247312,105165458.50225225,115145616.99263352,2006,78667428.0
54621782.59210526,113133505.39247312,105165458.50225225,115145616.99263352,2004,32198655.0
139540245.09535453,275605875.25,105165458.50225225,115145616.99263352,2007,100760721.0
522877329.2885906,1316368010.1617646,256307551.77591974,247108326.69767442,1991,363017667.0
522877329.2885906,1316368010.1617646,256307551.77591974,247108326.69767442,1991,363017667.0
522877329.2885906,1316368010.1617646,256307551.77591974,247108326.69767442,1991,363017667.0
522877329.2885906,1316368010.1617646,256307551.77591974,247108326.69767442,1991,363017667.0
522877329.2885906,1316368010.1617646,256307551.77591974,247108326.69767442,1991,363017667.0
522877329.2885906,1316368010.1617646,256307551.77591974,247108326.69767442,1991,363017667.0
522877329.2885906,1316368010.1617646,256307551.77591974,247108326.69767442,1991,363017667.0
522877329.2885906,1316368010.1617646,256307551.77591974,247108326.69767442,1991,363017667.0
522877329.2885906,1316368010.1617646,256307551.77591974,247108326.69767442,1991,363017667.0
522877329.2885906,1316368010.1617646,224270360.34031862,247108326.69767442,1991,363017667.0
522877329.2885906,1316368010.1617646,268505720.9821706,247108326.69767442,1991,363017667.0
522877329.2885906,1316368010.1617646,256307551.77591974,247108326.69767442,1991,363017667.0
522877329.2885906,1316368010.1617646,256307551.77591974,247108326.69767442,1991,363017667.0
522877329.2885906,1316368010.1617646,256307551.77591974,247108326.69767442,1991,363017667.0
522877329.2885906,1316368010.1617646,256307551.77591974,247108326.69767442,1991,363017667.0
522877329.2885906,1316368010.1617646,271437307.07537556,247108326.69767442,1991,363017667.0
522877329.2885906,1316368010.1617646,256307551.77591974,247108326.69767442,1991,363017667.0
522877329.2885906,1316368010.1617646,256307551.77591974,247108326.69767442,1991,363017667.0
522877329.2885906,1316368010.1617646,225584912.63059714,247108326.69767442,1991,363017667.0
107816160.86486487,95397952.36607456,105165458.50225225,115145616.99263352,1995,9857435.0
522877329.2885906,181061623.4879227,105165458.50225225,115145616.99263352,1998,288981698.0
139540245.09535453,113133505.39247312,105165458.50225225,115145616.99263352,1990,143108869.0
54621782.59210526,38618777.86940032,105165458.50225225,115145616.99263352,1994,17727017.0
107816160.86486487,66609780.68670294,105165458.50225225,115145616.99263352,2002,330754439.0
54621782.59210526,275605875.25,105165458.50225225,115145616.99263352,1995,46741467.0
139540245.09535453,275605875.25,105165458.50225225,115145616.99263352,2015,44480275.0
139540245.09535453,113133505.39247312,105165458.50225225,115145616.99263352,1997,193326632.0
54621782.59210526,181061623.4879227,105165458.50225225,115145616.99263352,1993,9156084.0
107816160.86486487,156173112.33335882,105165458.50225225,115145616.99263352,2012,660081224.0
107816160.86486487,95397952.36607456,105165458.50225225,115145616.99263352,1999,63354375.0
522877329.2885906,12783367.56401966,105165458.50225225,115145616.99263352,2009,35981010.0
139540245.09535453,113133505.39247312,105165458.50225225,115145616.99263352,1987,44024529.0
54621782.59210526,275605875.25,105165458.50225225,115145616.99263352,1994,103354194.0
107816160.86486487,66609780.68670294,105165458.50225225,115145616.99263352,2000,148208901.0
139540245.09535453,113133505.39247312,105165458.50225225,115145616.99263352,1987,353334607.0
139540245.09535453,12783367.56401966,105165458.50225225,115145616.99263352,2009,1563976.0
522877329.2885906,181061623.4879227,105165458.50225225,115145616.99263352,2011,203522177.0
522877329.2885906,95397952.36607456,105165458.50225225,115145616.99263352,2004,129164207.0
522877329.2885906,181061623.4879227,105165458.50225225,115145616.99263352,2003,66966883.0
107816160.86486487,95397952.36607456,105165458.50225225,115145616.99263352,1993,15970955.0
107816160.86486487,113133505.39247312,105165458.50225225,115145616.99263352,1992,4631720.0
54621782.59210526,275605875.25,105165458.50225225,115145616.99263352,1998,38766948.0
107816160.86486487,113133505.39247312,105165458.50225225,115145616.99263352,2003,185481530.0
294680234.74808055,113133505.39247312,105165458.50225225,115145616.99263352,2062,109581646.0
107816160.86486487,181061623.4879227,105165458.50225225,115145616.99263352,2016,232532923.0
139540245.09535453,113133505.39247312,105165458.50225225,115145616.99263352,1997,170406423.0
522877329.2885906,12783367.56401966,105165458.50225225,115145616.99263352,2006,12948025.0
107816160.86486487,113133505.39247312,105165458.50225225,115145616.99263352,1992,45741576.0
54621782.59210526,66609780.68670294,105165458.50225225,115145616.99263352,1997,3957025.0
54621782.59210526,113133505.39247312,105165458.50225225,115145616.99263352,1987,254414837.0
522877329.2885906,1316368010.1617646,105165458.50225225,115145616.99263352,2061,124841160.0
54621782.59210526,275605875.25,105165458.50225225,115145616.99263352,1989,40983414.0
54621782.59210526,275605875.25,105165458.50225225,115145616.99263352,1999,32007656.0
139540245.09535453,181061623.4879227,105165458.50225225,115145616.99263352,2015,123087120.0
139540245.09535453,113133505.39247312,105165458.50225225,115145616.99263352,1994,103798152.0
139540245.09535453,113133505.39247312,105165458.50225225,115145616.99263352,1986,48758184.0
139540245.09535453,38618777.86940032,105165458.50225225,115145616.99263352,1983,15136765.0
139540245.09535453,156173112.33335882,105165458.50225225,115145616.99263352,1991,93256673.0
54621782.59210526,113133505.39247312,105165458.50225225,115145616.99263352,1987,141592160.0
139540245.09535453,181061623.4879227,105165458.50225225,115145616.99263352,2007,267003525.0
107816160.86486487,156173112.33335882,105165458.50225225,115145616.99263352,1994,34048315.0
54621782.59210526,181061623.4879227,105165458.50225225,115145616.99263352,2006,64959548.0
139540245.09535453,275605875.25,105165458.50225225,115145616.99263352,2006,74398864.0
54621782.59210526,275605875.25,105165458.50225225,115145616.99263352,2002,18325463.0
139540245.09535453,181061623.4879227,105165458.50225225,115145616.99263352,1998,87906042.0
107816160.86486487,66609780.68670294,105165458.50225225,115145616.99263352,1991,57544453.0
139540245.09535453,275605875.25,105165458.50225225,115145616.99263352,1983,70669955.0
139540245.09535453,181061623.4879227,105165458.50225225,115145616.99263352,2009,134246932.0
54621782.59210526,275605875.25,105165458.50225225,115145616.99263352,1995,568342.0
54621782.59210526,275605875.25,105165458.50225225,115145616.99263352,2007,5637048.0
139540245.09535453,113133505.39247312,105165458.50225225,115145616.99263352,1993,140392731.0
139540245.09535453,181061623.4879227,105165458.50225225,115145616.99263352,2016,77042381.0
139540245.09535453,181061623.4879227,105165458.50225225,115145616.99263352,1981,48517980.0
139540245.09535453,181061623.4879227,105165458.50225225,115145616.99263352,2008,166277038.0
54621782.59210526,275605875.25,105165458.50225225,115145616.99263352,1999,47794214.0
139540245.09535453,113133505.39247312,105165458.50225225,115145616.99263352,1994,21576332.0
54621782.59210526,156173112.33335882,105165458.50225225,115145616.99263352,1996,255702705.0
107816160.86486487,95397952.36607456,105165458.50225225,115145616.99263352,1990,59679131.0
107816160.86486487,156173112.33335882,105165458.50225225,115145616.99263352,2011,90848019.0
139540245.09535453,181061623.4879227,105165458.50225225,115145616.99263352,1995,25981285.0
139540245.09535453,181061623.4879227,105165458.50225225,115145616.99263352,1980,34472116.0
522877329.2885906,12783367.56401966,105165458.50225225,115145616.99263352,2011,16401551.0
522877329.2885906,181061623.4879227,105165458.50225225,115145616.99263352,2009,34509545.0
139540245.09535453,1316368010.1617646,105165458.50225225,115145616.99263352,2014,130894237.0
522877329.2885906,181061623.4879227,105165458.50225225,115145616.99263352,2003,518148559.0
139540245.09535453,275605875.25,105165458.50225225,115145616.99263352,1988,9772655.0
139540245.09535453,95397952.36607456,105165458.50225225,115145616.99263352,2014,55961409.0
107816160.86486487,156173112.33335882,105165458.50225225,115145616.99263352,2001,295705112.0
107816160.86486487,181061623.4879227,105165458.50225225,115145616.99263352,2007,379129960.0
54621782.59210526,66609780.68670294,105165458.50225225,115145616.99263352,1994,40804816.0
54621782.59210526,113133505.39247312,105165458.50225225,115145616.99263352,1997,53693680.0
139540245.09535453,181061623.4879227,105165458.50225225,115145616.99263352,1989,16653473.0
107816160.86486487,275605875.25,105165458.50225225,115145616.99263352,1996,111792852.0
522877329.2885906,181061623.4879227,105165458.50225225,115145616.99263352,2013,278395641.0
54621782.59210526,275605875.25,105165458.50225225,115145616.99263352,2013,3374251.0
107816160.86486487,275605875.25,105165458.50225225,115145616.99263352,1996,16482589.0
107816160.86486487,275605875.25,105165458.50225225,115145616.99263352,2002,9909094.0
107816160.86486487,275605875.25,105165458.50225225,115145616.99263352,1992,24950752.0
139540245.09535453,113133505.39247312,105165458.50225225,115145616.99263352,2003,59743191.0
107816160.86486487,113133505.39247312,105165458.50225225,115145616.99263352,1998,13608633.0
107816160.86486487,275605875.25,105165458.50225225,115145616.99263352,2001,25214223.0
139540245.09535453,113133505.39247312,105165458.50225225,115145616.99263352,1987,72853569.0
139540245.09535453,113133505.39247312,105165458.50225225,115145616.99263352,2007,111010758.0
139540245.09535453,113133505.39247312,105165458.50225225,115145616.99263352,1984,157057661.0
139540245.09535453,113133505.39247312,105165458.50225225,115145616.99263352,1988,316250084.0
107816160.86486487,275605875.25,105165458.50225225,115145616.99263352,2016,12545979.0
107816160.86486487,156173112.33335882,105165458.50225225,115145616.99263352,2006,70801353.0
139540245.09535453,181061623.4879227,256307551.77591974,197296735.91111112,2063,153870834.0
139540245.09535453,181061623.4879227,256307551.77591974,197296735.91111112,2063,153870834.0
139540245.09535453,181061623.4879227,256307551.77591974,197296735.91111112,2063,153870834.0
139540245.09535453,181061623.4879227,256307551.77591974,197296735.91111112,2063,153870834.0
139540245.09535453,181061623.4879227,513542926.97261256,197296735.91111112,2063,153870834.0
139540245.09535453,181061623.4879227,256307551.77591974,197296735.91111112,2063,153870834.0
139540245.09535453,181061623.4879227,256307551.77591974,197296735.91111112,2063,153870834.0
139540245.09535453,181061623.4879227,256307551.77591974,197296735.91111112,2063,153870834.0
139540245.09535453,181061623.4879227,256307551.77591974,197296735.91111112,2063,153870834.0
139540245.09535453,181061623.4879227,256307551.77591974,197296735.91111112,2063,153870834.0
139540245.09535453,275605875.25,105165458.50225225,115145616.99263352,1995,157508868.0
522877329.2885906,181061623.4879227,256307551.77591974,55800076.81585296,1990,55796728.0
522877329.2885906,181061623.4879227,147718134.97123885,55800076.81585296,1990,55796728.0
522877329.2885906,181061623.4879227,256307551.77591974,55800076.81585296,1990,55796728.0
522877329.2885906,181061623.4879227,256307551.77591974,55800076.81585296,1990,55796728.0
522877329.2885906,181061623.4879227,256307551.77591974,55800076.81585296,1990,55796728.0
522877329.2885906,181061623.4879227,256307551.77591974,55800076.81585296,1990,55796728.0
522877329.2885906,181061623.4879227,250879735.14789778,55800076.81585296,1990,55796728.0
522877329.2885906,181061623.4879227,225584912.63059714,55800076.81585296,1990,55796728.0
522877329.2885906,181061623.4879227,256307551.77591974,55800076.81585296,1990,55796728.0
522877329.2885906,181061623.4879227,256307551.77591974,55800076.81585296,1990,55796728.0
522877329.2885906,181061623.4879227,256307551.77591974,55800076.81585296,1990,55796728.0
522877329.2885906,181061623.4879227,256307551.77591974,55800076.81585296,1990,55796728.0
139540245.09535453,275605875.25,105165458.50225225,115145616.99263352,1996,91076877.0
107816160.86486487,275605875.25,105165458.50225225,115145616.99263352,1992,14841352.0
139540245.09535453,113133505.39247312,105165458.50225225,115145616.99263352,1983,11519089.0
139540245.09535453,113133505.39247312,105165458.50225225,115145616.99263352,2004,39816568.0
139540245.09535453,181061623.4879227,105165458.50225225,115145616.99263352,2004,32585356.0
54621782.59210526,275605875.25,105165458.50225225,115145616.99263352,1989,39884640.0
522877329.2885906,181061623.4879227,105165458.50225225,115145616.99263352,1995,370409631.0
107816160.86486487,156173112.33335882,105165458.50225225,115145616.99263352,2010,96971361.0
107816160.86486487,113133505.39247312,105165458.50225225,115145616.99263352,1996,59828966.0
139540245.09535453,181061623.4879227,105165458.50225225,115145616.99263352,1994,18083994.0
107816160.86486487,181061623.4879227,105165458.50225225,115145616.99263352,1996,19509726.0
107816160.86486487,66609780.68670294,105165458.50225225,115145616.99263352,2007,25202168.0
54621782.59210526,66609780.68670294,105165458.50225225,115145616.99263352,1993,46064723.0
139540245.09535453,181061623.4879227,105165458.50225225,115145616.99263352,1995,47809421.0
522877329.2885906,12783367.56401966,105165458.50225225,115145616.99263352,2003,23803108.0
139540245.09535453,113133505.39247312,105165458.50225225,115145616.99263352,1991,19149495.0
139540245.09535453,181061623.4879227,105165458.50225225,115145616.99263352,2016,55483770.0
139540245.09535453,156173112.33335882,105165458.50225225,115145616.99263352,1982,77184895.0
54621782.59210526,275605875.25,105165458.50225225,115145616.99263352,1998,1409943.0
107816160.86486487,113133505.39247312,105165458.50225225,115145616.99263352,2013,31787136.0
139540245.09535453,275605875.25,105165458.50225225,115145616.99263352,1989,22740861.0
139540245.09535453,113133505.39247312,105165458.50225225,115145616.99263352,1989,15233465.0
139540245.09535453,181061623.4879227,105165458.50225225,115145616.99263352,1995,45911517.0
107816160.86486487,95397952.36607456,105165458.50225225,115145616.99263352,2000,57925202.0
54621782.59210526,76568523.9113867,105165458.50225225,115145616.99263352,1997,51579764.0
54621782.59210526,113133505.39247312,105165458.50225225,115145616.99263352,1993,29968953.0
522877329.2885906,181061623.4879227,256307551.77591974,115145616.99263352,2009,116316457.0
522877329.2885906,181061623.4879227,256307551.77591974,115145616.99263352,2009,116316457.0
522877329.2885906,181061623.4879227,256307551.77591974,115145616.99263352,2009,116316457.0
522877329.2885906,181061623.4879227,177985870.74811628,115145616.99263352,2009,116316457.0
522877329.2885906,181061623.4879227,161449267.21481928,115145616.99263352,2009,116316457.0
522877329.2885906,181061623.4879227,256307551.77591974,115145616.99263352,2009,116316457.0
522877329.2885906,181061623.4879227,105165458.50225225,115145616.99263352,2009,116316457.0
522877329.2885906,181061623.4879227,921982800.5267122,115145616.99263352,2009,116316457.0
522877329.2885906,181061623.4879227,256307551.77591974,115145616.99263352,2009,116316457.0
522877329.2885906,181061623.4879227,188760683.6127485,115145616.99263352,2009,116316457.0
522877329.2885906,181061623.4879227,256307551.77591974,115145616.99263352,2009,116316457.0
522877329.2885906,181061623.4879227,256307551.77591974,115145616.99263352,2009,116316457.0
522877329.2885906,181061623.4879227,256307551.77591974,115145616.99263352,2009,116316457.0
522877329.2885906,181061623.4879227,256307551.77591974,115145616.99263352,2009,116316457.0
522877329.2885906,181061623.4879227,256307551.77591974,115145616.99263352,2009,116316457.0
522877329.2885906,181061623.4879227,709298378.4903533,115145616.99263352,2009,116316457.0
522877329.2885906,181061623.4879227,256307551.77591974,115145616.99263352,2009,116316457.0
522877329.2885906,181061623.4879227,256307551.77591974,115145616.99263352,2009,116316457.0
54621782.59210526,275605875.25,105165458.50225225,115145616.99263352,1991,31167691.0
139540245.09535453,156173112.33335882,105165458.50225225,115145616.99263352,1994,24267154.0
107816160.86486487,181061623.4879227,105165458.50225225,115145616.99263352,1993,6554384.0
139540245.09535453,275605875.25,105165458.50225225,115145616.99263352,2006,5512647.0
139540245.09535453,275605875.25,105165458.50225225,115145616.99263352,1984,21075000.0
107816160.86486487,113133505.39247312,105165458.50225225,115145616.99263352,2002,10537188.0
107816160.86486487,275605875.25,105165458.50225225,115145616.99263352,2012,13165822.0
139540245.09535453,181061623.4879227,105165458.50225225,115145616.99263352,2011,22741603.0
54621782.59210526,113133505.39247312,105165458.50225225,115145616.99263352,1994,19116981.0
54621782.59210526,113133505.39247312,105165458.50225225,115145616.99263352,1999,106921374.0
54621782.59210526,275605875.25,105165458.50225225,115145616.99263352,2003,2194759.0
139540245.09535453,113133505.39247312,105165458.50225225,115145616.99263352,2001,25749730.0
54621782.59210526,275605875.25,105165458.50225225,115145616.99263352,1995,20075033.0
139540245.09535453,113133505.39247312,105165458.50225225,115145616.99263352,1996,43713554.0
139540245.09535453,181061623.4879227,105165458.50225225,115145616.99263352,2009,329336681.0
54621782.59210526,181061623.4879227,105165458.50225225,115145616.99263352,1993,73914543.0
139540245.09535453,95397952.36607456,105165458.50225225,115145616.99263352,1987,68181300.0
54621782.59210526,275605875.25,105165458.50225225,115145616.99263352,2007,8779196.0
522877329.2885906,1316368010.1617646,709298378.4903533,2174168363.498987,2040,2187090808.0
522877329.2885906,1316368010.1617646,921982800.5267122,2174168363.498987,2040,2187090808.0
522877329.2885906,1316368010.1617646,1667823214.7137084,2174168363.498987,2040,2187090808.0
522877329.2885906,1316368010.1617646,1667823214.7137084,2174168363.498987,2040,2187090808.0
522877329.2885906,1316368010.1617646,105165458.50225225,2174168363.498987,2040,2187090808.0
522877329.2885906,1316368010.1617646,921982800.5267122,2174168363.498987,2040,2187090808.0
54621782.59210526,156173112.33335882,105165458.50225225,115145616.99263352,1995,177102077.0
54621782.59210526,156173112.33335882,105165458.50225225,115145616.99263352,1996,259807820.0
54621782.59210526,95397952.36607456,105165458.50225225,115145616.99263352,1990,356389765.0
139540245.09535453,113133505.39247312,105165458.50225225,115145616.99263352,1999,161610341.0
522877329.2885906,181061623.4879227,105165458.50225225,114479150.84303683,2011,28375869.0
522877329.2885906,181061623.4879227,105165458.50225225,115145616.99263352,2000,71228678.0
139540245.09535453,113133505.39247312,105165458.50225225,115145616.99263352,1995,34245779.0
139540245.09535453,113133505.39247312,105165458.50225225,115145616.99263352,1991,127571325.0
139540245.09535453,156173112.33335882,105165458.50225225,115145616.99263352,1981,0.0
139540245.09535453,113133505.39247312,105165458.50225225,115145616.99263352,2003,105775678.0
139540245.09535453,113133505.39247312,105165458.50225225,115145616.99263352,2005,67096891.0
139540245.09535453,1316368010.1617646,256307551.77591974,115145616.99263352,2071,91305448.0
139540245.09535453,1316368010.1617646,256307551.77591974,115145616.99263352,2071,91305448.0
139540245.09535453,1316368010.1617646,135681348.3185353,115145616.99263352,2071,91305448.0
139540245.09535453,1316368010.1617646,135681348.3185353,115145616.99263352,2071,91305448.0
522877329.2885906,181061623.4879227,256307551.77591974,115145616.99263352,2005,23801835.0
54621782.59210526,65413799.237607114,105165458.50225225,115145616.99263352,2003,81547672.0
139540245.09535453,66609780.68670294,105165458.50225225,115145616.99263352,1988,26062188.0
139540245.09535453,113133505.39247312,105165458.50225225,115145616.99263352,1998,7829877.0
522877329.2885906,12783367.56401966,105165458.50225225,115145616.99263352,2016,7895708.0
139540245.09535453,113133505.39247312,105165458.50225225,115145616.99263352,1992,283583472.0
139540245.09535453,181061623.4879227,105165458.50225225,115145616.99263352,2015,12429583.0
139540245.09535453,181061623.4879227,105165458.50225225,197296735.91111112,1977,0.0
107816160.86486487,275605875.25,105165458.50225225,115145616.99263352,1994,50840394.0
139540245.09535453,95397952.36607456,105165458.50225225,115145616.99263352,1995,157082900.0
139540245.09535453,113133505.39247312,105165458.50225225,115145616.99263352,2008,128039679.0
139540245.09535453,181061623.4879227,105165458.50225225,115145616.99263352,2005,381557539.0
54621782.59210526,275605875.25,105165458.50225225,115145616.99263352,1999,56595842.0
107816160.86486487,275605875.25,105165458.50225225,115145616.99263352,2006,84078780.0
54621782.59210526,275605875.25,105165458.50225225,115145616.99263352,1997,88467531.0
139540245.09535453,113133505.39247312,105165458.50225225,115145616.99263352,1991,47181395.0
139540245.09535453,113133505.39247312,105165458.50225225,115145616.99263352,1998,119185667.0
54621782.59210526,181061623.4879227,105165458.50225225,115145616.99263352,2007,12985302.0
107816160.86486487,65413799.237607114,105165458.50225225,115145616.99263352,2013,92597388.0
522877329.2885906,181061623.4879227,105165458.50225225,115145616.99263352,2001,416073179.0
107816160.86486487,156173112.33335882,105165458.50225225,115145616.99263352,2002,62480631.0
139540245.09535453,275605875.25,105165458.50225225,115145616.99263352,1983,3223725.0
139540245.09535453,181061623.4879227,191258768.89508426,215440840.34582853,2000,215438985.0
139540245.09535453,181061623.4879227,256307551.77591974,215440840.34582853,2000,215438985.0
139540245.09535453,181061623.4879227,256307551.77591974,215440840.34582853,2000,215438985.0
139540245.09535453,181061623.4879227,256307551.77591974,215440840.34582853,2000,215438985.0
139540245.09535453,181061623.4879227,229459386.52791464,215440840.34582853,2000,215438985.0
139540245.09535453,181061623.4879227,256307551.77591974,215440840.34582853,2000,215438985.0
139540245.09535453,181061623.4879227,256307551.77591974,215440840.34582853,2000,215438985.0
139540245.09535453,181061623.4879227,256307551.77591974,215440840.34582853,2000,215438985.0
139540245.09535453,181061623.4879227,105165458.50225225,215440840.34582853,2000,215438985.0
139540245.09535453,181061623.4879227,256307551.77591974,215440840.34582853,2000,215438985.0
139540245.09535453,181061623.4879227,256307551.77591974,215440840.34582853,2000,215438985.0
54621782.59210526,76568523.9113867,105165458.50225225,115145616.99263352,1998,28392518.0
139540245.09535453,113133505.39247312,105165458.50225225,115145616.99263352,1977,98067733.0
54621782.59210526,156173112.33335882,105165458.50225225,115145616.99263352,1999,54262148.0
139540245.09535453,181061623.4879227,105165458.50225225,115145616.99263352,2012,251292441.0
139540245.09535453,181061623.4879227,105165458.50225225,115145616.99263352,2006,105037235.0
522877329.2885906,181061623.4879227,105165458.50225225,115145616.99263352,2009,16961607.0
139540245.09535453,275605875.25,105165458.50225225,115145616.99263352,2016,8874389.0
139540245.09535453,113133505.39247312,105165458.50225225,115145616.99263352,1992,43068356.0
139540245.09535453,113133505.39247312,105165458.50225225,115145616.99263352,1998,21694605.0
139540245.09535453,181061623.4879227,105165458.50225225,115145616.99263352,2010,67473105.0
107816160.86486487,275605875.25,105165458.50225225,115145616.99263352,1990,40077147.0
54621782.59210526,38618777.86940032,105165458.50225225,115145616.99263352,1997,48546161.0
139540245.09535453,113133505.39247312,105165458.50225225,115145616.99263352,1992,103120810.0
139540245.09535453,65413799.237607114,105165458.50225225,115145616.99263352,1995,15983331.0
139540245.09535453,181061623.4879227,256307551.77591974,214492197.8994394,2010,214388548.0
139540245.09535453,181061623.4879227,256307551.77591974,214492197.8994394,2010,214388548.0
139540245.09535453,181061623.4879227,105165458.50225225,214492197.8994394,2010,214388548.0
139540245.09535453,181061623.4879227,256307551.77591974,214492197.8994394,2010,214388548.0
139540245.09535453,181061623.4879227,225584912.63059714,214492197.8994394,2010,214388548.0
139540245.09535453,181061623.4879227,256307551.77591974,214492197.8994394,2010,214388548.0
139540245.09535453,181061623.4879227,256307551.77591974,214492197.8994394,2010,214388548.0
54621782.59210526,113133505.39247312,105165458.50225225,115145616.99263352,1994,12042634.0
54621782.59210526,113133505.39247312,105165458.50225225,115145616.99263352,1995,14641561.0
54621782.59210526,66609780.68670294,105165458.50225225,115145616.99263352,1996,16284619.0
139540245.09535453,181061623.4879227,105165458.50225225,115145616.99263352,2054,528279994.0
139540245.09535453,156173112.33335882,105165458.50225225,115145616.99263352,1993,42445058.0
107816160.86486487,95397952.36607456,105165458.50225225,115145616.99263352,2009,184288829.0
139540245.09535453,181061623.4879227,105165458.50225225,115145616.99263352,2009,75501997.0
139540245.09535453,181061623.4879227,105165458.50225225,115145616.99263352,1993,49080505.0
107816160.86486487,275605875.25,105165458.50225225,115145616.99263352,1995,4770461.0
139540245.09535453,181061623.4879227,105165458.50225225,115145616.99263352,2016,364001123.0
139540245.09535453,181061623.4879227,105165458.50225225,115145616.99263352,2005,84088854.0
522877329.2885906,181061623.4879227,105165458.50225225,115145616.99263352,1999,404450426.0
139540245.09535453,181061623.4879227,256307551.77591974,197296735.91111112,1977,159743914.0
139540245.09535453,181061623.4879227,146928825.27953428,197296735.91111112,1977,159743914.0
139540245.09535453,181061623.4879227,147718134.97123885,197296735.91111112,1977,159743914.0
139540245.09535453,181061623.4879227,256307551.77591974,197296735.91111112,1977,159743914.0
139540245.09535453,181061623.4879227,175981649.52986902,197296735.91111112,1977,159743914.0
139540245.09535453,181061623.4879227,257839963.6690944,197296735.91111112,1977,159743914.0
139540245.09535453,181061623.4879227,256307551.77591974,197296735.91111112,1977,159743914.0
139540245.09535453,181061623.4879227,191452010.39551437,197296735.91111112,1977,159743914.0
139540245.09535453,181061623.4879227,256307551.77591974,197296735.91111112,1977,159743914.0
139540245.09535453,181061623.4879227,220591798.02931705,197296735.91111112,1977,159743914.0
139540245.09535453,181061623.4879227,256307551.77591974,197296735.91111112,1977,159743914.0
139540245.09535453,181061623.4879227,256307551.77591974,197296735.91111112,1977,159743914.0
139540245.09535453,181061623.4879227,256307551.77591974,197296735.91111112,1977,159743914.0
139540245.09535453,181061623.4879227,256307551.77591974,197296735.91111112,1977,159743914.0
139540245.09535453,275605875.25,105165458.50225225,115145616.99263352,2000,180742479.0
107816160.86486487,113133505.39247312,105165458.50225225,115145616.99263352,2005,28716947.0
139540245.09535453,156173112.33335882,105165458.50225225,115145616.99263352,1992,58965304.0
139540245.09535453,181061623.4879227,105165458.50225225,115145616.99263352,1986,42183197.0
294680234.74808055,12783367.56401966,105165458.50225225,115145616.99263352,2004,426246.0
107816160.86486487,113133505.39247312,105165458.50225225,115145616.99263352,2008,19125841.0
522877329.2885906,275605875.25,105165458.50225225,115145616.99263352,1999,10111144.0
139540245.09535453,113133505.39247312,105165458.50225225,115145616.99263352,2000,108993148.0
139540245.09535453,95397952.36607456,256307551.77591974,115145616.99263352,2007,156074310.0
139540245.09535453,95397952.36607456,277675070.9770633,115145616.99263352,2007,156074310.0
139540245.09535453,95397952.36607456,256307551.77591974,115145616.99263352,2007,156074310.0
139540245.09535453,95397952.36607456,256307551.77591974,115145616.99263352,2007,156074310.0
139540245.09535453,95397952.36607456,256307551.77591974,115145616.99263352,2007,156074310.0
139540245.09535453,95397952.36607456,256307551.77591974,115145616.99263352,2007,156074310.0
139540245.09535453,181061623.4879227,256307551.77591974,341268247.93557805,2016,341268248.0
139540245.09535453,181061623.4879227,256307551.77591974,341268247.93557805,2016,341268248.0
139540245.09535453,181061623.4879227,256307551.77591974,341268247.93557805,2016,341268248.0
139540245.09535453,181061623.4879227,256307551.77591974,341268247.93557805,2016,341268248.0
139540245.09535453,181061623.4879227,256307551.77591974,341268247.93557805,2016,341268248.0
139540245.09535453,181061623.4879227,266910863.21370193,341268247.93557805,2016,341268248.0
139540245.09535453,181061623.4879227,311415421.21432096,341268247.93557805,2016,341268248.0
139540245.09535453,181061623.4879227,105165458.50225225,341268247.93557805,2016,341268248.0
139540245.09535453,181061623.4879227,256307551.77591974,341268247.93557805,2016,341268248.0
139540245.09535453,181061623.4879227,256307551.77591974,341268247.93557805,2016,341268248.0
139540245.09535453,181061623.4879227,256307551.77591974,341268247.93557805,2016,341268248.0
139540245.09535453,181061623.4879227,331140684.7530561,341268247.93557805,2016,341268248.0
139540245.09535453,181061623.4879227,331140684.7530561,341268247.93557805,2016,341268248.0
139540245.09535453,181061623.4879227,256307551.77591974,341268247.93557805,2016,341268248.0
139540245.09535453,181061623.4879227,256307551.77591974,341268247.93557805,2016,341268248.0
139540245.09535453,181061623.4879227,256307551.77591974,341268247.93557805,2016,341268248.0
139540245.09535453,181061623.4879227,256307551.77591974,341268247.93557805,2016,341268248.0
139540245.09535453,181061623.4879227,256307551.77591974,341268247.93557805,2016,341268248.0
139540245.09535453,181061623.4879227,256307551.77591974,341268247.93557805,2016,341268248.0
139540245.09535453,181061623.4879227,256307551.77591974,341268247.93557805,2016,341268248.0
139540245.09535453,181061623.4879227,331140684.7530561,341268247.93557805,2016,341268248.0
139540245.09535453,181061623.4879227,256307551.77591974,341268247.93557805,2016,341268248.0
139540245.09535453,113133505.39247312,105165458.50225225,115145616.99263352,1998,21941840.0
54621782.59210526,181061623.4879227,105165458.50225225,115145616.99263352,1996,65543.0
522877329.2885906,181061623.4879227,105165458.50225225,115145616.99263352,2002,70269715.0
522877329.2885906,113133505.39247312,105165458.50225225,115145616.99263352,2007,252955933.0
139540245.09535453,275605875.25,105165458.50225225,115145616.99263352,2010,63781920.0
107816160.86486487,275605875.25,105165458.50225225,115145616.99263352,1992,91304495.0
54621782.59210526,275605875.25,105165458.50225225,115145616.99263352,1997,14561324.0
139540245.09535453,181061623.4879227,105165458.50225225,115145616.99263352,2000,95208344.0
522877329.2885906,181061623.4879227,256307551.77591974,119557302.97687028,2003,119218333.0
522877329.2885906,181061623.4879227,256307551.77591974,119557302.97687028,2003,119218333.0
522877329.2885906,181061623.4879227,256307551.77591974,119557302.97687028,2003,119218333.0
522877329.2885906,181061623.4879227,256307551.77591974,119557302.97687028,2003,119218333.0
522877329.2885906,181061623.4879227,191258768.89508426,119557302.97687028,2003,119218333.0
522877329.2885906,181061623.4879227,256307551.77591974,119557302.97687028,2003,119218333.0
522877329.2885906,181061623.4879227,256307551.77591974,119557302.97687028,2003,119218333.0
522877329.2885906,1316368010.1617646,256307551.77591974,5228870200.746477,2037,5228953251.0
522877329.2885906,1316368010.1617646,256307551.77591974,5228870200.746477,2037,5228953251.0
522877329.2885906,1316368010.1617646,256307551.77591974,5228870200.746477,2037,5228953251.0
522877329.2885906,1316368010.1617646,3891602848.6812825,5228870200.746477,2037,5228953251.0
522877329.2885906,1316368010.1617646,256307551.77591974,5228870200.746477,2037,5228953251.0
522877329.2885906,1316368010.1617646,256307551.77591974,5228870200.746477,2037,5228953251.0
522877329.2885906,1316368010.1617646,256307551.77591974,5228870200.746477,2037,5228953251.0
522877329.2885906,1316368010.1617646,256307551.77591974,5228870200.746477,2037,5228953251.0
522877329.2885906,1316368010.1617646,256307551.77591974,5228870200.746477,2037,5228953251.0
522877329.2885906,1316368010.1617646,3891602848.6812825,5228870200.746477,2037,5228953251.0
522877329.2885906,1316368010.1617646,256307551.77591974,5228870200.746477,2037,5228953251.0
522877329.2885906,1316368010.1617646,256307551.77591974,5228870200.746477,2037,5228953251.0
522877329.2885906,181061623.4879227,105165458.50225225,115145616.99263352,2010,443408255.0
139540245.09535453,275605875.25,105165458.50225225,115145616.99263352,2004,87392478.0
139540245.09535453,113133505.39247312,105165458.50225225,115145616.99263352,1999,61150849.0
139540245.09535453,181061623.4879227,105165458.50225225,115145616.99263352,1987,32798382.0
139540245.09535453,181061623.4879227,105165458.50225225,115145616.99263352,1993,26248558.0
139540245.09535453,113133505.39247312,105165458.50225225,115145616.99263352,2009,55503929.0
139540245.09535453,181061623.4879227,256307551.77591974,357063494.8287667,2010,357063499.0
139540245.09535453,181061623.4879227,256307551.77591974,357063494.8287667,2010,357063499.0
139540245.09535453,181061623.4879227,464733772.39815325,357063494.8287667,2010,357063499.0
139540245.09535453,181061623.4879227,345053095.67978334,357063494.8287667,2010,357063499.0
139540245.09535453,181061623.4879227,256307551.77591974,357063494.8287667,2010,357063499.0
139540245.09535453,181061623.4879227,292717885.7022983,357063494.8287667,2010,357063499.0
139540245.09535453,181061623.4879227,105165458.50225225,357063494.8287667,2010,357063499.0
139540245.09535453,181061623.4879227,537339258.2178388,357063494.8287667,2010,357063499.0
139540245.09535453,181061623.4879227,256307551.77591974,357063494.8287667,2010,357063499.0
139540245.09535453,181061623.4879227,257839963.6690944,357063494.8287667,2010,357063499.0
139540245.09535453,181061623.4879227,256307551.77591974,357063494.8287667,2010,357063499.0
139540245.09535453,181061623.4879227,256307551.77591974,357063494.8287667,2010,357063499.0
139540245.09535453,181061623.4879227,256307551.77591974,357063494.8287667,2010,357063499.0
139540245.09535453,181061623.4879227,651256067.6783307,357063494.8287667,2010,357063499.0
139540245.09535453,181061623.4879227,256307551.77591974,357063494.8287667,2010,357063499.0
139540245.09535453,181061623.4879227,345053095.67978334,357063494.8287667,2010,357063499.0
139540245.09535453,181061623.4879227,345053095.67978334,357063494.8287667,2010,357063499.0
139540245.09535453,181061623.4879227,537339258.2178388,357063494.8287667,2010,357063499.0
522877329.2885906,181061623.4879227,256307551.77591974,115145616.99263352,1989,223726012.0
522877329.2885906,181061623.4879227,268505720.9821706,115145616.99263352,1989,223726012.0
522877329.2885906,181061623.4879227,256307551.77591974,115145616.99263352,1989,223726012.0
522877329.2885906,181061623.4879227,256307551.77591974,115145616.99263352,1989,223726012.0
522877329.2885906,181061623.4879227,256307551.77591974,115145616.99263352,1989,223726012.0
522877329.2885906,181061623.4879227,268505720.9821706,115145616.99263352,1989,223726012.0
522877329.2885906,181061623.4879227,256307551.77591974,115145616.99263352,1989,223726012.0
522877329.2885906,181061623.4879227,256307551.77591974,115145616.99263352,1989,223726012.0
522877329.2885906,181061623.4879227,256307551.77591974,115145616.99263352,1989,223726012.0
522877329.2885906,181061623.4879227,217247209.05290696,115145616.99263352,1989,223726012.0
522877329.2885906,181061623.4879227,256307551.77591974,115145616.99263352,1989,223726012.0
522877329.2885906,181061623.4879227,256307551.77591974,115145616.99263352,1989,223726012.0
522877329.2885906,181061623.4879227,256307551.77591974,115145616.99263352,1989,223726012.0
522877329.2885906,181061623.4879227,256307551.77591974,115145616.99263352,1989,223726012.0
522877329.2885906,181061623.4879227,225584912.63059714,115145616.99263352,1989,223726012.0
522877329.2885906,181061623.4879227,256307551.77591974,115145616.99263352,1989,223726012.0
522877329.2885906,181061623.4879227,256307551.77591974,115145616.99263352,1989,223726012.0
522877329.2885906,181061623.4879227,229459386.52791464,115145616.99263352,1989,223726012.0
522877329.2885906,181061623.4879227,256307551.77591974,115145616.99263352,1989,223726012.0
522877329.2885906,181061623.4879227,256307551.77591974,115145616.99263352,1989,223726012.0
107816160.86486487,113133505.39247312,105165458.50225225,115145616.99263352,2006,34634731.0
54621782.59210526,113133505.39247312,105165458.50225225,115145616.99263352,1995,1025425.0
522877329.2885906,113133505.39247312,105165458.50225225,115145616.99263352,2006,314140384.0
139540245.09535453,275605875.25,105165458.50225225,115145616.99263352,1999,94838225.0
522877329.2885906,12783367.56401966,105165458.50225225,115145616.99263352,2012,30675725.0
139540245.09535453,113133505.39247312,105165458.50225225,115145616.99263352,1975,131246872.0
107816160.86486487,95397952.36607456,105165458.50225225,115145616.99263352,1999,46145331.0
107816160.86486487,275605875.25,105165458.50225225,115145616.99263352,1994,7035189.0
139540245.09535453,113133505.39247312,105165458.50225225,115145616.99263352,1990,2210321.0
107816160.86486487,275605875.25,105165458.50225225,115145616.99263352,2013,5367415.0
139540245.09535453,113133505.39247312,105165458.50225225,115145616.99263352,1986,11003932.0
139540245.09535453,275605875.25,105165458.50225225,115145616.99263352,2005,20162672.0
139540245.09535453,181061623.4879227,105165458.50225225,115145616.99263352,1993,109310377.0
107816160.86486487,275605875.25,105165458.50225225,115145616.99263352,1998,94139530.0
139540245.09535453,12783367.56401966,105165458.50225225,115145616.99263352,2009,23064.0
107816160.86486487,275605875.25,105165458.50225225,115145616.99263352,1995,59727216.0
107816160.86486487,181061623.4879227,105165458.50225225,115145616.99263352,1992,14421454.0
107816160.86486487,113133505.39247312,105165458.50225225,115145616.99263352,1993,11369541.0
107816160.86486487,38618777.86940032,105165458.50225225,115145616.99263352,2006,29712825.0
139540245.09535453,113133505.39247312,105165458.50225225,115145616.99263352,1997,33613158.0
522877329.2885906,113133505.39247312,105165458.50225225,115145616.99263352,1992,55417615.0
107816160.86486487,275605875.25,105165458.50225225,115145616.99263352,2008,68118371.0
522877329.2885906,1316368010.1617646,105165458.50225225,115145616.99263352,2000,14238144.0
522877329.2885906,113133505.39247312,105165458.50225225,115145616.99263352,2002,201959095.0
107816160.86486487,66609780.68670294,105165458.50225225,115145616.99263352,2003,73793522.0
54621782.59210526,113133505.39247312,105165458.50225225,115145616.99263352,1993,2127496.0
54621782.59210526,66609780.68670294,105165458.50225225,115145616.99263352,1995,6829092.0
139540245.09535453,95397952.36607456,105165458.50225225,115145616.99263352,1994,63651027.0
139540245.09535453,113133505.39247312,105165458.50225225,115145616.99263352,2061,310094574.0
139540245.09535453,113133505.39247312,105165458.50225225,115145616.99263352,1997,110058379.0
139540245.09535453,275605875.25,105165458.50225225,115145616.99263352,1982,20643199.0
139540245.09535453,113133505.39247312,105165458.50225225,115145616.99263352,1993,25146538.0
139540245.09535453,113133505.39247312,105165458.50225225,115145616.99263352,1997,36265379.0
107816160.86486487,181061623.4879227,105165458.50225225,115145616.99263352,2016,529483936.0
54621782.59210526,95397952.36607456,105165458.50225225,115145616.99263352,1991,24939118.0
107816160.86486487,113133505.39247312,105165458.50225225,115145616.99263352,2001,7450434.0
139540245.09535453,181061623.4879227,105165458.50225225,115145616.99263352,1985,33900697.0
139540245.09535453,113133505.39247312,256307551.77591974,133134089.81280956,1981,133118889.0
139540245.09535453,113133505.39247312,256307551.77591974,133134089.81280956,1981,133118889.0
139540245.09535453,113133505.39247312,210859571.56307286,133134089.81280956,1981,133118889.0
139540245.09535453,113133505.39247312,191452010.39551437,133134089.81280956,1981,133118889.0
139540245.09535453,113133505.39247312,256307551.77591974,133134089.81280956,1981,133118889.0
139540245.09535453,113133505.39247312,256307551.77591974,133134089.81280956,1981,133118889.0
139540245.09535453,113133505.39247312,105165458.50225225,133134089.81280956,1981,133118889.0
139540245.09535453,113133505.39247312,256307551.77591974,133134089.81280956,1981,133118889.0
139540245.09535453,113133505.39247312,256307551.77591974,133134089.81280956,1981,133118889.0
139540245.09535453,113133505.39247312,175981649.52986902,133134089.81280956,1981,133118889.0
54621782.59210526,181061623.4879227,105165458.50225225,115145616.99263352,2001,337782.0
54621782.59210526,66609780.68670294,105165458.50225225,115145616.99263352,1995,11167895.0
107816160.86486487,181061623.4879227,105165458.50225225,115145616.99263352,2012,77372445.0
139540245.09535453,113133505.39247312,105165458.50225225,115145616.99263352,1994,63170804.0
107816160.86486487,181061623.4879227,105165458.50225225,115145616.99263352,2014,343771168.0
107816160.86486487,181061623.4879227,105165458.50225225,115145616.99263352,2015,936662225.0
522877329.2885906,113133505.39247312,256307551.77591974,115145616.99263352,1995,68479579.0
522877329.2885906,113133505.39247312,256307551.77591974,115145616.99263352,1995,68479579.0
522877329.2885906,113133505.39247312,256307551.77591974,115145616.99263352,1995,68479579.0
522877329.2885906,113133505.39247312,255515688.66041586,115145616.99263352,1995,68479579.0
139540245.09535453,113133505.39247312,105165458.50225225,115145616.99263352,1993,80147079.0
139540245.09535453,181061623.4879227,105165458.50225225,115145616.99263352,2016,76233151.0
139540245.09535453,275605875.25,105165458.50225225,115145616.99263352,1982,12903059.0
139540245.09535453,181061623.4879227,256307551.77591974,211508735.86309588,2002,211506702.0
139540245.09535453,181061623.4879227,256307551.77591974,211508735.86309588,2002,211506702.0
139540245.09535453,181061623.4879227,256307551.77591974,211508735.86309588,2002,211506702.0
139540245.09535453,181061623.4879227,224270360.34031862,211508735.86309588,2002,211506702.0
139540245.09535453,181061623.4879227,188760683.6127485,211508735.86309588,2002,211506702.0
139540245.09535453,181061623.4879227,256307551.77591974,211508735.86309588,2002,211506702.0
139540245.09535453,181061623.4879227,256307551.77591974,211508735.86309588,2002,211506702.0
139540245.09535453,181061623.4879227,256307551.77591974,211508735.86309588,2002,211506702.0
139540245.09535453,181061623.4879227,256307551.77591974,211508735.86309588,2002,211506702.0
139540245.09535453,181061623.4879227,256307551.77591974,211508735.86309588,2002,211506702.0
139540245.09535453,181061623.4879227,256307551.77591974,211508735.86309588,2002,211506702.0
54621782.59210526,156173112.33335882,105165458.50225225,115145616.99263352,1997,58804106.0
139540245.09535453,181061623.4879227,105165458.50225225,115145616.99263352,2004,234069353.0
107816160.86486487,65413799.237607114,105165458.50225225,115145616.99263352,2000,89042541.0
54621782.59210526,275605875.25,105165458.50225225,115145616.99263352,1995,164552293.0
54621782.59210526,113133505.39247312,105165458.50225225,115145616.99263352,1992,94349900.0
522877329.2885906,181061623.4879227,105165458.50225225,115145616.99263352,2012,20325733.0
522877329.2885906,113133505.39247312,105165458.50225225,115145616.99263352,2001,161218928.0
107816160.86486487,275605875.25,105165458.50225225,115145616.99263352,2010,45302137.0
139540245.09535453,181061623.4879227,105165458.50225225,115145616.99263352,2007,53619462.0
54621782.59210526,181061623.4879227,105165458.50225225,115145616.99263352,1994,5170709.0
107816160.86486487,156173112.33335882,105165458.50225225,115145616.99263352,2016,408084349.0
107816160.86486487,95397952.36607456,105165458.50225225,115145616.99263352,1996,24422334.0
54621782.59210526,275605875.25,105165458.50225225,115145616.99263352,1995,26302005.0
54621782.59210526,113133505.39247312,105165458.50225225,115145616.99263352,1994,23401275.0
522877329.2885906,113133505.39247312,105165458.50225225,115145616.99263352,2006,108694869.0
522877329.2885906,113133505.39247312,105165458.50225225,115145616.99263352,2005,32064685.0
107816160.86486487,181061623.4879227,105165458.50225225,115145616.99263352,2004,70423706.0
54621782.59210526,113133505.39247312,105165458.50225225,115145616.99263352,1997,81692095.0
522877329.2885906,113133505.39247312,105165458.50225225,115145616.99263352,2005,86812798.0
139540245.09535453,113133505.39247312,105165458.50225225,115145616.99263352,1991,179821881.0
139540245.09535453,113133505.39247312,105165458.50225225,115145616.99263352,2010,27461121.0
139540245.09535453,181061623.4879227,256307551.77591974,115145616.99263352,2002,55189145.0
139540245.09535453,181061623.4879227,256307551.77591974,115145616.99263352,2002,55189145.0
139540245.09535453,181061623.4879227,256307551.77591974,115145616.99263352,2002,55189145.0
139540245.09535453,181061623.4879227,256307551.77591974,115145616.99263352,2002,55189145.0
139540245.09535453,181061623.4879227,256307551.77591974,115145616.99263352,2002,55189145.0
139540245.09535453,181061623.4879227,256307551.77591974,115145616.99263352,2002,55189145.0
139540245.09535453,181061623.4879227,256307551.77591974,115145616.99263352,2002,55189145.0
139540245.09535453,181061623.4879227,256307551.77591974,115145616.99263352,2002,55189145.0
139540245.09535453,181061623.4879227,256307551.77591974,115145616.99263352,2002,55189145.0
139540245.09535453,181061623.4879227,921982800.5267122,115145616.99263352,2002,55189145.0
139540245.09535453,181061623.4879227,132917522.1462797,115145616.99263352,2002,55189145.0
139540245.09535453,181061623.4879227,256307551.77591974,115145616.99263352,2002,55189145.0
139540245.09535453,181061623.4879227,108143774.5629554,115145616.99263352,1986,53637367.0
139540245.09535453,181061623.4879227,108143774.5629554,115145616.99263352,1986,53637367.0
139540245.09535453,181061623.4879227,256307551.77591974,115145616.99263352,1986,53637367.0
139540245.09535453,181061623.4879227,225584912.63059714,115145616.99263352,1986,53637367.0
139540245.09535453,181061623.4879227,146928825.27953428,115145616.99263352,1986,53637367.0
139540245.09535453,181061623.4879227,256307551.77591974,115145616.99263352,1986,53637367.0
139540245.09535453,181061623.4879227,256307551.77591974,115145616.99263352,1986,53637367.0
139540245.09535453,181061623.4879227,256307551.77591974,115145616.99263352,1986,53637367.0
139540245.09535453,181061623.4879227,256307551.77591974,115145616.99263352,1986,53637367.0
139540245.09535453,181061623.4879227,256307551.77591974,115145616.99263352,1986,53637367.0
139540245.09535453,181061623.4879227,256307551.77591974,115145616.99263352,1986,53637367.0
139540245.09535453,181061623.4879227,256307551.77591974,115145616.99263352,1986,53637367.0
139540245.09535453,181061623.4879227,225584912.63059714,115145616.99263352,1986,53637367.0
139540245.09535453,275605875.25,478967883.20340765,560880041.4999225,2015,201151353.0
139540245.09535453,275605875.25,478967883.20340765,560880041.4999225,2015,201151353.0
139540245.09535453,275605875.25,478967883.20340765,560880041.4999225,2015,201151353.0
139540245.09535453,275605875.25,478967883.20340765,560880041.4999225,2015,201151353.0
139540245.09535453,275605875.25,478967883.20340765,560880041.4999225,2015,201151353.0
139540245.09535453,275605875.25,478967883.20340765,560880041.4999225,2015,201151353.0
139540245.09535453,275605875.25,464733772.39815325,560880041.4999225,2015,201151353.0
139540245.09535453,275605875.25,478967883.20340765,560880041.4999225,2015,201151353.0
139540245.09535453,275605875.25,478967883.20340765,560880041.4999225,2015,201151353.0
139540245.09535453,275605875.25,478967883.20340765,560880041.4999225,2015,201151353.0
139540245.09535453,275605875.25,478967883.20340765,560880041.4999225,2015,201151353.0
139540245.09535453,275605875.25,478967883.20340765,560880041.4999225,2015,201151353.0
139540245.09535453,275605875.25,423554845.17700696,560880041.4999225,2015,201151353.0
139540245.09535453,275605875.25,105165458.50225225,560880041.4999225,2015,201151353.0
139540245.09535453,275605875.25,478967883.20340765,560880041.4999225,2015,201151353.0
139540245.09535453,181061623.4879227,256307551.77591974,342165548.2233102,2013,414997174.0
139540245.09535453,181061623.4879227,311415421.21432096,342165548.2233102,2013,414997174.0
139540245.09535453,181061623.4879227,277675070.9770633,342165548.2233102,2013,414997174.0
139540245.09535453,181061623.4879227,256307551.77591974,342165548.2233102,2013,414997174.0
139540245.09535453,181061623.4879227,256307551.77591974,342165548.2233102,2013,414997174.0
139540245.09535453,181061623.4879227,256307551.77591974,342165548.2233102,2013,414997174.0
139540245.09535453,181061623.4879227,256307551.77591974,342165548.2233102,2013,414997174.0
139540245.09535453,181061623.4879227,105165458.50225225,342165548.2233102,2013,414997174.0
107816160.86486487,181061623.4879227,105165458.50225225,115145616.99263352,2011,256263359.0
139540245.09535453,181061623.4879227,105165458.50225225,115145616.99263352,2011,2984.0
107816160.86486487,275605875.25,105165458.50225225,115145616.99263352,1989,23972012.0
139540245.09535453,181061623.4879227,105165458.50225225,115145616.99263352,2004,354488708.0
139540245.09535453,181061623.4879227,105165458.50225225,115145616.99263352,2002,0.0
54621782.59210526,113133505.39247312,105165458.50225225,115145616.99263352,1990,39963460.0
139540245.09535453,1316368010.1617646,105165458.50225225,115145616.99263352,2006,30737517.0
54621782.59210526,275605875.25,105165458.50225225,115145616.99263352,1988,160442289.0
54621782.59210526,113133505.39247312,105165458.50225225,115145616.99263352,2000,2562155.0
107816160.86486487,113133505.39247312,105165458.50225225,115145616.99263352,1990,30722056.0
139540245.09535453,181061623.4879227,105165458.50225225,115145616.99263352,1977,105847527.0
139540245.09535453,1316368010.1617646,105165458.50225225,115145616.99263352,1996,92077628.0
107816160.86486487,66609780.68670294,105165458.50225225,115145616.99263352,2005,33500491.0
522877329.2885906,113133505.39247312,105165458.50225225,115145616.99263352,2003,32298812.0
139540245.09535453,113133505.39247312,105165458.50225225,115145616.99263352,1996,36009655.0
107816160.86486487,66609780.68670294,105165458.50225225,115145616.99263352,2006,82267038.0
139540245.09535453,12783367.56401966,105165458.50225225,115145616.99263352,2010,86264.0
107816160.86486487,275605875.25,105165458.50225225,115145616.99263352,2002,78682079.0
54621782.59210526,156173112.33335882,105165458.50225225,115145616.99263352,1993,46919256.0
107816160.86486487,95397952.36607456,105165458.50225225,115145616.99263352,2010,34917330.0
139540245.09535453,95397952.36607456,105165458.50225225,115145616.99263352,1993,36165012.0
107816160.86486487,65413799.237607114,105165458.50225225,115145616.99263352,2004,30416359.0
107816160.86486487,275605875.25,105165458.50225225,115145616.99263352,1995,29934306.0
107816160.86486487,181061623.4879227,105165458.50225225,115145616.99263352,1998,362324957.0
139540245.09535453,113133505.39247312,105165458.50225225,115145616.99263352,1997,45266588.0
107816160.86486487,156173112.33335882,105165458.50225225,115145616.99263352,1990,29485923.0
139540245.09535453,181061623.4879227,256307551.77591974,50554406.191018835,1985,50553142.0
139540245.09535453,181061623.4879227,256307551.77591974,50554406.191018835,1985,50553142.0
139540245.09535453,181061623.4879227,105889025.41828027,50554406.191018835,1985,50553142.0
139540245.09535453,181061623.4879227,191184229.43134856,50554406.191018835,1985,50553142.0
139540245.09535453,181061623.4879227,105889025.41828027,50554406.191018835,1985,50553142.0
139540245.09535453,181061623.4879227,105165458.50225225,50554406.191018835,1985,50553142.0
139540245.09535453,181061623.4879227,256307551.77591974,50554406.191018835,1985,50553142.0
139540245.09535453,181061623.4879227,256307551.77591974,50554406.191018835,1985,50553142.0
139540245.09535453,181061623.4879227,256307551.77591974,50554406.191018835,1985,50553142.0
139540245.09535453,181061623.4879227,256307551.77591974,50554406.191018835,1985,50553142.0
139540245.09535453,181061623.4879227,256307551.77591974,50554406.191018835,1985,50553142.0
139540245.09535453,181061623.4879227,256307551.77591974,50554406.191018835,1985,50553142.0
139540245.09535453,181061623.4879227,256307551.77591974,50554406.191018835,1985,50553142.0
139540245.09535453,181061623.4879227,105165458.50225225,115145616.99263352,2013,243434130.0
107816160.86486487,95397952.36607456,105165458.50225225,115145616.99263352,1996,2057055.0
522877329.2885906,113133505.39247312,105165458.50225225,115145616.99263352,2000,104055039.0
139540245.09535453,113133505.39247312,105165458.50225225,115145616.99263352,2005,148619029.0
139540245.09535453,113133505.39247312,105165458.50225225,115145616.99263352,2011,10768946.0
139540245.09535453,113133505.39247312,105165458.50225225,115145616.99263352,1996,1963937.0
107816160.86486487,275605875.25,105165458.50225225,115145616.99263352,2006,22044113.0
522877329.2885906,181061623.4879227,256307551.77591974,115145616.99263352,2002,24650121.0
522877329.2885906,181061623.4879227,256307551.77591974,115145616.99263352,2002,24650121.0
522877329.2885906,181061623.4879227,256307551.77591974,115145616.99263352,2002,24650121.0
522877329.2885906,181061623.4879227,256307551.77591974,115145616.99263352,2002,24650121.0
139540245.09535453,181061623.4879227,105165458.50225225,115145616.99263352,2014,61040349.0
139540245.09535453,113133505.39247312,105165458.50225225,115145616.99263352,1987,54787202.0
107816160.86486487,113133505.39247312,105165458.50225225,115145616.99263352,1994,49945474.0
54621782.59210526,66609780.68670294,105165458.50225225,115145616.99263352,1997,7652965.0
139540245.09535453,275605875.25,105165458.50225225,115145616.99263352,1996,199559799.0
522877329.2885906,113133505.39247312,105165458.50225225,115145616.99263352,2011,106270797.0
54621782.59210526,275605875.25,105165458.50225225,115145616.99263352,1986,117957323.0
139540245.09535453,113133505.39247312,105165458.50225225,115145616.99263352,2068,138612686.0
139540245.09535453,113133505.39247312,105165458.50225225,115145616.99263352,1991,28320147.0
522877329.2885906,181061623.4879227,256307551.77591974,136898139.28976357,2000,136789252.0
522877329.2885906,181061623.4879227,256307551.77591974,136898139.28976357,2000,136789252.0
522877329.2885906,181061623.4879227,256307551.77591974,136898139.28976357,2000,136789252.0
522877329.2885906,181061623.4879227,256307551.77591974,136898139.28976357,2000,136789252.0
522877329.2885906,181061623.4879227,256307551.77591974,136898139.28976357,2000,136789252.0
522877329.2885906,181061623.4879227,161449267.21481928,136898139.28976357,2000,136789252.0
522877329.2885906,181061623.4879227,256307551.77591974,136898139.28976357,2000,136789252.0
522877329.2885906,181061623.4879227,256307551.77591974,136898139.28976357,2000,136789252.0
107816160.86486487,156173112.33335882,105165458.50225225,115145616.99263352,2001,44418589.0
139540245.09535453,113133505.39247312,105165458.50225225,115145616.99263352,1997,28371890.0
522877329.2885906,181061623.4879227,256307551.77591974,216807844.08305225,1998,216807832.0
522877329.2885906,181061623.4879227,256307551.77591974,216807844.08305225,1998,216807832.0
522877329.2885906,181061623.4879227,105165458.50225225,216807844.08305225,1998,216807832.0
522877329.2885906,181061623.4879227,256307551.77591974,216807844.08305225,1998,216807832.0
522877329.2885906,181061623.4879227,256307551.77591974,216807844.08305225,1998,216807832.0
522877329.2885906,181061623.4879227,256307551.77591974,216807844.08305225,1998,216807832.0
522877329.2885906,181061623.4879227,256307551.77591974,216807844.08305225,1998,216807832.0
522877329.2885906,181061623.4879227,256307551.77591974,216807844.08305225,1998,216807832.0
522877329.2885906,181061623.4879227,423554845.17700696,216807844.08305225,1998,216807832.0
522877329.2885906,181061623.4879227,256307551.77591974,216807844.08305225,1998,216807832.0
522877329.2885906,181061623.4879227,256307551.77591974,216807844.08305225,1998,216807832.0
522877329.2885906,181061623.4879227,256307551.77591974,216807844.08305225,1998,216807832.0
522877329.2885906,181061623.4879227,256307551.77591974,216807844.08305225,1998,216807832.0
522877329.2885906,181061623.4879227,256307551.77591974,216807844.08305225,1998,216807832.0
522877329.2885906,181061623.4879227,256307551.77591974,216807844.08305225,1998,216807832.0
522877329.2885906,181061623.4879227,256307551.77591974,216807844.08305225,1998,216807832.0
522877329.2885906,181061623.4879227,256307551.77591974,115145616.99263352,2046,1078510579.0
522877329.2885906,181061623.4879227,256307551.77591974,115145616.99263352,2046,1078510579.0
522877329.2885906,181061623.4879227,256307551.77591974,115145616.99263352,2046,1078510579.0
139540245.09535453,181061623.4879227,105165458.50225225,115145616.99263352,1979,120377374.0
107816160.86486487,113133505.39247312,105165458.50225225,115145616.99263352,2004,50886144.0
107816160.86486487,181061623.4879227,105165458.50225225,115145616.99263352,1992,7295423.0
139540245.09535453,113133505.39247312,105165458.50225225,115145616.99263352,1994,42940186.0
139540245.09535453,113133505.39247312,105165458.50225225,115145616.99263352,1995,23404369.0
139540245.09535453,12783367.56401966,105165458.50225225,115145616.99263352,2008,322979.0
522877329.2885906,181061623.4879227,105165458.50225225,115145616.99263352,2005,25616292.0
54621782.59210526,113133505.39247312,105165458.50225225,115145616.99263352,1986,141183693.0
522877329.2885906,181061623.4879227,191184229.43134856,342165548.2233102,1999,283900254.0
522877329.2885906,181061623.4879227,256307551.77591974,342165548.2233102,1999,283900254.0
522877329.2885906,181061623.4879227,256307551.77591974,342165548.2233102,1999,283900254.0
522877329.2885906,181061623.4879227,256307551.77591974,342165548.2233102,1999,283900254.0
522877329.2885906,181061623.4879227,256307551.77591974,342165548.2233102,1999,283900254.0
522877329.2885906,181061623.4879227,256307551.77591974,342165548.2233102,1999,283900254.0
522877329.2885906,181061623.4879227,239242656.96623594,342165548.2233102,1999,283900254.0
522877329.2885906,181061623.4879227,256307551.77591974,342165548.2233102,1999,283900254.0
522877329.2885906,181061623.4879227,256307551.77591974,342165548.2233102,1999,283900254.0
522877329.2885906,181061623.4879227,256307551.77591974,342165548.2233102,1999,283900254.0
54621782.59210526,76568523.9113867,105165458.50225225,115145616.99263352,2001,76758193.0
139540245.09535453,181061623.4879227,105165458.50225225,115145616.99263352,1996,55159783.0
54621782.59210526,113133505.39247312,105165458.50225225,115145616.99263352,1999,14755189.0
54621782.59210526,275605875.25,105165458.50225225,115145616.99263352,1996,11171714.0
139540245.09535453,113133505.39247312,105165458.50225225,115145616.99263352,1985,9736051.0
522877329.2885906,181061623.4879227,105165458.50225225,115145616.99263352,1996,62384706.0
139540245.09535453,113133505.39247312,105165458.50225225,115145616.99263352,2011,94189503.0
139540245.09535453,113133505.39247312,105165458.50225225,115145616.99263352,1989,150176361.0
522877329.2885906,12783367.56401966,105165458.50225225,115145616.99263352,2010,20751600.0
139540245.09535453,113133505.39247312,105165458.50225225,115145616.99263352,1994,125666.0
139540245.09535453,66609780.68670294,105165458.50225225,115145616.99263352,2016,27569558.0
139540245.09535453,156173112.33335882,105165458.50225225,115145616.99263352,1988,60097074.0
522877329.2885906,275605875.25,105165458.50225225,115145616.99263352,2009,89443640.0
139540245.09535453,113133505.39247312,105165458.50225225,115145616.99263352,1996,50465108.0
54621782.59210526,275605875.25,105165458.50225225,115145616.99263352,1992,43859823.0
107816160.86486487,95397952.36607456,105165458.50225225,115145616.99263352,2007,58350234.0
54621782.59210526,113133505.39247312,105165458.50225225,115145616.99263352,2002,14797862.0
139540245.09535453,275605875.25,105165458.50225225,115145616.99263352,1998,32809442.0
139540245.09535453,113133505.39247312,105165458.50225225,115145616.99263352,1994,59673787.0
107816160.86486487,156173112.33335882,105165458.50225225,115145616.99263352,2002,43756218.0
139540245.09535453,181061623.4879227,105165458.50225225,200354959.11532688,2012,200354959.0
139540245.09535453,181061623.4879227,256307551.77591974,200354959.11532688,2012,200354959.0
139540245.09535453,181061623.4879227,256307551.77591974,200354959.11532688,2012,200354959.0
139540245.09535453,181061623.4879227,256307551.77591974,200354959.11532688,2012,200354959.0
139540245.09535453,181061623.4879227,256307551.77591974,200354959.11532688,2012,200354959.0
139540245.09535453,181061623.4879227,256307551.77591974,200354959.11532688,2012,200354959.0
139540245.09535453,181061623.4879227,105165458.50225225,200354959.11532688,2012,200354959.0
139540245.09535453,181061623.4879227,256307551.77591974,200354959.11532688,2012,200354959.0
139540245.09535453,181061623.4879227,311415421.21432096,200354959.11532688,2012,200354959.0
139540245.09535453,181061623.4879227,256307551.77591974,200354959.11532688,2012,200354959.0
139540245.09535453,181061623.4879227,256307551.77591974,200354959.11532688,2012,200354959.0
139540245.09535453,181061623.4879227,105165458.50225225,200354959.11532688,2012,200354959.0
139540245.09535453,181061623.4879227,256307551.77591974,200354959.11532688,2012,200354959.0
139540245.09535453,181061623.4879227,256307551.77591974,200354959.11532688,2012,200354959.0
139540245.09535453,181061623.4879227,105165458.50225225,200354959.11532688,2012,200354959.0
139540245.09535453,181061623.4879227,266910863.21370193,200354959.11532688,2012,200354959.0
139540245.09535453,181061623.4879227,105165458.50225225,200354959.11532688,2012,200354959.0
139540245.09535453,181061623.4879227,256307551.77591974,200354959.11532688,2012,200354959.0
139540245.09535453,181061623.4879227,256307551.77591974,200354959.11532688,2012,200354959.0
139540245.09535453,181061623.4879227,256307551.77591974,200354959.11532688,2012,200354959.0
139540245.09535453,181061623.4879227,256307551.77591974,200354959.11532688,2012,200354959.0
107816160.86486487,156173112.33335882,105165458.50225225,115145616.99263352,2013,424084233.0
522877329.2885906,275605875.25,478967883.20340765,560880041.4999225,2050,920608730.0
522877329.2885906,275605875.25,478967883.20340765,560880041.4999225,2050,920608730.0
522877329.2885906,275605875.25,478967883.20340765,560880041.4999225,2050,920608730.0
522877329.2885906,275605875.25,478967883.20340765,560880041.4999225,2050,920608730.0
522877329.2885906,275605875.25,478967883.20340765,560880041.4999225,2050,920608730.0
522877329.2885906,275605875.25,478967883.20340765,560880041.4999225,2050,920608730.0
522877329.2885906,275605875.25,464733772.39815325,560880041.4999225,2050,920608730.0
522877329.2885906,275605875.25,478967883.20340765,560880041.4999225,2050,920608730.0
522877329.2885906,275605875.25,478967883.20340765,560880041.4999225,2050,920608730.0
522877329.2885906,275605875.25,478967883.20340765,560880041.4999225,2050,920608730.0
522877329.2885906,275605875.25,478967883.20340765,560880041.4999225,2050,920608730.0
522877329.2885906,275605875.25,478967883.20340765,560880041.4999225,2050,920608730.0
522877329.2885906,275605875.25,423554845.17700696,560880041.4999225,2050,920608730.0
522877329.2885906,275605875.25,105165458.50225225,560880041.4999225,2050,920608730.0
522877329.2885906,275605875.25,478967883.20340765,560880041.4999225,2050,920608730.0
139540245.09535453,275605875.25,105165458.50225225,115145616.99263352,1985,31415432.0
139540245.09535453,113133505.39247312,105165458.50225225,115145616.99263352,2008,110932022.0
522877329.2885906,181061623.4879227,105165458.50225225,115145616.99263352,2008,262771918.0
522877329.2885906,113133505.39247312,225584912.63059714,115145616.99263352,1992,441969178.0
522877329.2885906,113133505.39247312,256307551.77591974,115145616.99263352,1992,441969178.0
522877329.2885906,113133505.39247312,256307551.77591974,115145616.99263352,1992,441969178.0
522877329.2885906,113133505.39247312,256307551.77591974,115145616.99263352,1992,441969178.0
522877329.2885906,113133505.39247312,256307551.77591974,115145616.99263352,1992,441969178.0
522877329.2885906,113133505.39247312,256307551.77591974,115145616.99263352,1992,441969178.0
522877329.2885906,113133505.39247312,105165458.50225225,115145616.99263352,1992,441969178.0
522877329.2885906,113133505.39247312,256307551.77591974,115145616.99263352,1992,441969178.0
522877329.2885906,113133505.39247312,256307551.77591974,115145616.99263352,1992,441969178.0
522877329.2885906,113133505.39247312,256307551.77591974,115145616.99263352,1992,441969178.0
522877329.2885906,113133505.39247312,225584912.63059714,115145616.99263352,1992,441969178.0
522877329.2885906,113133505.39247312,709298378.4903533,115145616.99263352,1992,441969178.0
522877329.2885906,113133505.39247312,255515688.66041586,115145616.99263352,1992,441969178.0
522877329.2885906,113133505.39247312,250879735.14789778,115145616.99263352,1992,441969178.0
54621782.59210526,275605875.25,105165458.50225225,115145616.99263352,2005,14574087.0
107816160.86486487,181061623.4879227,105165458.50225225,115145616.99263352,2013,213962184.0
522877329.2885906,12783367.56401966,105165458.50225225,115145616.99263352,2015,16432322.0
139540245.09535453,113133505.39247312,105165458.50225225,115145616.99263352,1988,57845202.0
522877329.2885906,256307551.77591974,105165458.50225225,115145616.99263352,2008,76646993.0
107816160.86486487,275605875.25,105165458.50225225,115145616.99263352,2013,86249969.0
522877329.2885906,1316368010.1617646,256307551.77591974,197296735.91111112,2070,255161499.0
522877329.2885906,1316368010.1617646,228737800.27528796,197296735.91111112,2070,255161499.0
522877329.2885906,1316368010.1617646,256307551.77591974,197296735.91111112,2070,255161499.0
522877329.2885906,1316368010.1617646,513542926.97261256,197296735.91111112,2070,255161499.0
522877329.2885906,1316368010.1617646,220591798.02931705,197296735.91111112,2070,255161499.0
522877329.2885906,1316368010.1617646,256307551.77591974,197296735.91111112,2070,255161499.0
522877329.2885906,1316368010.1617646,256307551.77591974,197296735.91111112,2070,255161499.0
522877329.2885906,1316368010.1617646,256307551.77591974,197296735.91111112,2070,255161499.0
522877329.2885906,1316368010.1617646,256307551.77591974,197296735.91111112,2070,255161499.0
522877329.2885906,1316368010.1617646,256307551.77591974,197296735.91111112,2070,255161499.0
522877329.2885906,1316368010.1617646,256307551.77591974,197296735.91111112,2070,255161499.0
522877329.2885906,1316368010.1617646,256307551.77591974,197296735.91111112,2070,255161499.0
522877329.2885906,1316368010.1617646,191452010.39551437,197296735.91111112,2070,255161499.0
522877329.2885906,1316368010.1617646,256307551.77591974,197296735.91111112,2070,255161499.0
522877329.2885906,1316368010.1617646,292717885.7022983,197296735.91111112,2070,255161499.0
522877329.2885906,1316368010.1617646,256307551.77591974,197296735.91111112,2070,255161499.0
522877329.2885906,1316368010.1617646,210859571.56307286,197296735.91111112,2070,255161499.0
522877329.2885906,1316368010.1617646,256307551.77591974,197296735.91111112,2070,255161499.0
522877329.2885906,1316368010.1617646,256307551.77591974,197296735.91111112,2070,255161499.0
522877329.2885906,1316368010.1617646,537339258.2178388,197296735.91111112,2070,255161499.0
107816160.86486487,113133505.39247312,105165458.50225225,115145616.99263352,2003,42379650.0
139540245.09535453,275605875.25,105165458.50225225,115145616.99263352,1995,15365850.0
107816160.86486487,113133505.39247312,105165458.50225225,115145616.99263352,1989,85757817.0
139540245.09535453,181061623.4879227,105165458.50225225,115145616.99263352,2015,93436322.0
107816160.86486487,66609780.68670294,105165458.50225225,115145616.99263352,2004,155021748.0
139540245.09535453,113133505.39247312,105165458.50225225,115145616.99263352,2014,69055550.0
107816160.86486487,66609780.68670294,105165458.50225225,115145616.99263352,1990,106290270.0
107816160.86486487,275605875.25,105165458.50225225,115145616.99263352,2012,192122330.0
107816160.86486487,275605875.25,105165458.50225225,115145616.99263352,1998,135497531.0
139540245.09535453,113133505.39247312,105165458.50225225,115145616.99263352,2014,52807594.0
522877329.2885906,1316368010.1617646,105165458.50225225,115145616.99263352,2000,94852354.0
139540245.09535453,113133505.39247312,105165458.50225225,115145616.99263352,1990,29964452.0
107816160.86486487,113133505.39247312,105165458.50225225,115145616.99263352,2001,7114869.0
139540245.09535453,275605875.25,105165458.50225225,115145616.99263352,2003,94203395.0
54621782.59210526,113133505.39247312,105165458.50225225,115145616.99263352,2004,629502.0
294680234.74808055,1316368010.1617646,105165458.50225225,115145616.99263352,2067,789612346.0
522877329.2885906,181061623.4879227,256307551.77591974,114479150.84303683,2007,119860589.0
522877329.2885906,181061623.4879227,256307551.77591974,114479150.84303683,2007,119860589.0
522877329.2885906,181061623.4879227,256307551.77591974,114479150.84303683,2007,119860589.0
522877329.2885906,181061623.4879227,256307551.77591974,114479150.84303683,2007,119860589.0
522877329.2885906,181061623.4879227,256307551.77591974,114479150.84303683,2007,119860589.0
522877329.2885906,181061623.4879227,256307551.77591974,114479150.84303683,2007,119860589.0
522877329.2885906,181061623.4879227,256307551.77591974,114479150.84303683,2007,119860589.0
522877329.2885906,181061623.4879227,256307551.77591974,114479150.84303683,2007,119860589.0
522877329.2885906,181061623.4879227,256307551.77591974,114479150.84303683,2007,119860589.0
522877329.2885906,181061623.4879227,256307551.77591974,114479150.84303683,2007,119860589.0
522877329.2885906,181061623.4879227,132917522.1462797,114479150.84303683,2007,119860589.0
522877329.2885906,181061623.4879227,256307551.77591974,114479150.84303683,2007,119860589.0
522877329.2885906,181061623.4879227,256307551.77591974,114479150.84303683,2007,119860589.0
522877329.2885906,181061623.4879227,256307551.77591974,114479150.84303683,2007,119860589.0
522877329.2885906,181061623.4879227,256307551.77591974,114479150.84303683,2007,119860589.0
522877329.2885906,181061623.4879227,256307551.77591974,114479150.84303683,2007,119860589.0
139540245.09535453,275605875.25,105165458.50225225,115145616.99263352,1989,202531517.0
107816160.86486487,156173112.33335882,105165458.50225225,115145616.99263352,2015,459005868.0
139540245.09535453,113133505.39247312,105165458.50225225,115145616.99263352,1995,77573459.0
522877329.2885906,12783367.56401966,105165458.50225225,115145616.99263352,2014,18346024.0
107816160.86486487,181061623.4879227,105165458.50225225,115145616.99263352,1992,8187848.0
139540245.09535453,12783367.56401966,105165458.50225225,115145616.99263352,2002,6089874.0
139540245.09535453,181061623.4879227,256307551.77591974,247108326.69767442,2001,125188122.0
139540245.09535453,181061623.4879227,256307551.77591974,247108326.69767442,2001,125188122.0
139540245.09535453,181061623.4879227,256307551.77591974,247108326.69767442,2001,125188122.0
139540245.09535453,181061623.4879227,256307551.77591974,247108326.69767442,2001,125188122.0
139540245.09535453,181061623.4879227,224270360.34031862,247108326.69767442,2001,125188122.0
139540245.09535453,181061623.4879227,921982800.5267122,247108326.69767442,2001,125188122.0
139540245.09535453,181061623.4879227,256307551.77591974,247108326.69767442,2001,125188122.0
139540245.09535453,181061623.4879227,256307551.77591974,247108326.69767442,2001,125188122.0
139540245.09535453,181061623.4879227,256307551.77591974,247108326.69767442,2001,125188122.0
139540245.09535453,181061623.4879227,256307551.77591974,247108326.69767442,2001,125188122.0
139540245.09535453,181061623.4879227,256307551.77591974,247108326.69767442,2001,125188122.0
139540245.09535453,181061623.4879227,256307551.77591974,247108326.69767442,2001,125188122.0
139540245.09535453,181061623.4879227,256307551.77591974,247108326.69767442,2001,125188122.0
139540245.09535453,113133505.39247312,105165458.50225225,115145616.99263352,1987,50686462.0
139540245.09535453,113133505.39247312,105165458.50225225,115145616.99263352,2004,8812764.0
107816160.86486487,113133505.39247312,105165458.50225225,115145616.99263352,1996,51373912.0
139540245.09535453,113133505.39247312,105165458.50225225,115145616.99263352,2002,117745317.0
139540245.09535453,113133505.39247312,105165458.50225225,115145616.99263352,2012,37363513.0
139540245.09535453,275605875.25,105165458.50225225,115145616.99263352,2002,27789959.0
139540245.09535453,181061623.4879227,105165458.50225225,115145616.99263352,2005,6194870.0
107816160.86486487,181061623.4879227,105165458.50225225,115145616.99263352,2010,51988.0
139540245.09535453,181061623.4879227,105165458.50225225,115145616.99263352,1985,25215934.0
139540245.09535453,275605875.25,105165458.50225225,115145616.99263352,2009,154927105.0
107816160.86486487,275605875.25,105165458.50225225,115145616.99263352,1997,1085093.0
107816160.86486487,275605875.25,105165458.50225225,115145616.99263352,1988,120381757.0
522877329.2885906,113133505.39247312,105165458.50225225,115145616.99263352,2061,1362870985.0
139540245.09535453,275605875.25,105165458.50225225,115145616.99263352,2010,67258772.0
107816160.86486487,181061623.4879227,105165458.50225225,115145616.99263352,1993,6654819.0
139540245.09535453,113133505.39247312,105165458.50225225,115145616.99263352,1992,81369058.0
107816160.86486487,113133505.39247312,105165458.50225225,115145616.99263352,2002,184521151.0
54621782.59210526,113133505.39247312,105165458.50225225,115145616.99263352,1999,13180524.0
139540245.09535453,275605875.25,105165458.50225225,115145616.99263352,2012,54914942.0
139540245.09535453,113133505.39247312,105165458.50225225,115145616.99263352,1992,119162518.0
522877329.2885906,181061623.4879227,256307551.77591974,115145616.99263352,1997,182029412.0
522877329.2885906,181061623.4879227,256307551.77591974,115145616.99263352,1997,182029412.0
522877329.2885906,181061623.4879227,177985870.74811628,115145616.99263352,1997,182029412.0
522877329.2885906,181061623.4879227,217247209.05290696,115145616.99263352,1997,182029412.0
522877329.2885906,181061623.4879227,256307551.77591974,115145616.99263352,1997,182029412.0
522877329.2885906,181061623.4879227,256307551.77591974,115145616.99263352,1997,182029412.0
522877329.2885906,181061623.4879227,256307551.77591974,115145616.99263352,1997,182029412.0
522877329.2885906,181061623.4879227,239242656.96623594,115145616.99263352,1997,182029412.0
522877329.2885906,181061623.4879227,256307551.77591974,115145616.99263352,1997,182029412.0
522877329.2885906,181061623.4879227,256307551.77591974,115145616.99263352,1997,182029412.0
522877329.2885906,181061623.4879227,256307551.77591974,115145616.99263352,1997,182029412.0
522877329.2885906,181061623.4879227,256307551.77591974,115145616.99263352,1997,182029412.0
522877329.2885906,181061623.4879227,228737800.27528796,115145616.99263352,1997,182029412.0
522877329.2885906,181061623.4879227,256307551.77591974,115145616.99263352,1997,182029412.0
522877329.2885906,181061623.4879227,256307551.77591974,115145616.99263352,1997,182029412.0
522877329.2885906,181061623.4879227,709298378.4903533,115145616.99263352,1997,182029412.0
522877329.2885906,181061623.4879227,256307551.77591974,115145616.99263352,1997,182029412.0
522877329.2885906,181061623.4879227,225584912.63059714,115145616.99263352,1997,182029412.0
522877329.2885906,181061623.4879227,256307551.77591974,115145616.99263352,1997,182029412.0
522877329.2885906,181061623.4879227,256307551.77591974,115145616.99263352,1997,182029412.0
522877329.2885906,181061623.4879227,256307551.77591974,115145616.99263352,1997,182029412.0
522877329.2885906,181061623.4879227,256307551.77591974,115145616.99263352,1997,182029412.0
